{
    "input_data": "dispersion.txt",
    "input_model": "NONE",
    "output_file_prefix": "Be1010_6.74",
    "total_data_points": 85,
    "total_omega_points": 100,
    "cutoff_energy": 0.15,
    "temperature": 30.0,
    "a1": -2.95,
    "a2": 6.74,
    "ef": 0.00083,
    "kf": 0.6926,
    "data_error_bar": "Automatic",
    "data_error_bar_value": 0.0,
    "data_error_bar_slop": 0.018,
    "mem_method": "Classic",
    "target_chi_squared": null,
    "max_alpha": null,
    "alpha_step": null,
    "max_iteration_num": 1000,
    "def_model_omega_d": 0.015,
    "def_model_omega_m": 0.1,
    "def_model_lambda0": 0.15,
    "weight_exponent": -1.0,
    "total_out_bins": 4,
    "out_bin_values": [
        0.0,
        35.0,
        50.0,
        68.0,
        90.0
    ],
    "nd": 48,
    "sigma_bar": 0.0010200396802285724,
    "a1_est": -2.95,
    "a2_est": 6.74,
    "chi2": 52.337682659496295,
    "q": 28.433990240918195,
    "alpha": 1.4388307207056938,
    "dalpha": 9.126033262418787e-14,
    "lambda_": 0.6770202555455733,
    "d_lambda": 0.07633084198561406,
    "omega_log": 10.922699548030579
}